{
  "project_info": {
    "project_number": "843858613502",
    "firebase_url": "https://test-b84c8.firebaseio.com",
    "project_id": "test-b84c8",
    "storage_bucket": "test-b84c8.appspot.com"
  },
  "client": [
    {
      "client_info": {
        "mobilesdk_app_id": "1:843858613502:android:989af4dad23df109b8c1af",
        "android_client_info": {
          "package_name": "com.example.myapplication"
        }
      },
      "oauth_client": [
        {
          "client_id": "843858613502-i1n30c1ckkicjpmomhe93pu8kdugek07.apps.googleusercontent.com",
          "client_type": 1,
          "android_info": {
            "package_name": "com.example.myapplication",
            "certificate_hash": "b8432f15cbe97a78df3e314630f44f7d2f0feb87"
          }
        },
        {
          "client_id": "843858613502-ap5em77a6sqj12vt268lteotisudbl87.apps.googleusercontent.com",
          "client_type": 3
        }
      ],
      "api_key": [
        {
          "current_key": "AIzaSyD13kzINzZA_uBVw4E53oVWb8AtpLOUuY0"
        }
      ],
      "services": {
        "appinvite_service": {
          "other_platform_oauth_client": [
            {
              "client_id": "843858613502-ap5em77a6sqj12vt268lteotisudbl87.apps.googleusercontent.com",
              "client_type": 3
            }
          ]
        }
      }
    }
  ],
  "configuration_version": "1"
}