no,case,nationality,gender,age,history,chronic,treatment-date,death-date,hospital,states
1,178,MYS,m,34,tabligh,,12/3/2020,17/3/2020,permai,johor
2,358,MYS,m,60,,y,14/3/2020,17/3/2020,general,sarawak
3,152,MYS,m,58,tabligh,,,20/3/2020,tawau,sabah
4,238,MYS,m,50,tabligh,,12/3/2020,21/3/2020,melaka,melaka
5,1031,MYS,f,79,,,16/3/2020,18/3/2020,borneo-medical-centre,sarawak
6,1032,MYS,f,40,family-contact,,,21/3/2020,general,sarawak
7,290,MYS,m,57,close-contact-tabligh,,,21/3/2020,kuala-lumpur,kuala-lumpur
8,781,MYS,m,69,tabligh,,,21/3/2020,tumpat,kelantan
9,890,MYS,m,48,travel-turkey,,,22/3/2020,tuanku-fauziah,perlis
10,259,MYS,m,74,tabligh,,8/3/2020,22/3/2020,general,penang
11,1070,MYS,m,70,travel,,,22/3/2020,ukm-medical-centre,kuala-lumpur
12,1114,MYS,m,70,tabligh,,,23/3/2020,kluang,johor
13,1006,MYS,m,49,family-contact,,,23/3/2020,general,sarawak
14,595,MYS,f,51,close-contact-tabligh,,,23/3/2020,miri,sarawak
15,1519,MYS,m,70,close-contact,y,18/3/2020,24/3/2020,sultanah-fatimah,johor
16,1334,MYS,m,75,,y,16/3/2020,24/3/2020,kuala-lumpur,kuala-lumpur
17,1251,MYS,m,66,close-contact,y,20/3/2020,25/3/2020,sultanah-fatimah,johor
18,1625,MYS,m,56,,y,20/3/2020,23/3/2020,sultan-ismaik,johor
19,1246,MYS,f,68,,,19/3/2020,25/3/2020,sultanah-nora-ismail,johor
20,780,MYS,m,76,tabligh,,18/3/2020,25/3/2020,sultan-ismail-petra,kelantan
21,1588,MYS,m,63,tabligh,,23/3/2020,26/3/2020,sultanah-bahiyah,kedah
22,1797,MYS,m,48,tabligh,y,,23/3/2020,kluang,johor
23,1840,MYS,m,62,,y,23/3/2020,25/3/2020,raja-permaisuri-bainun,perak
24,1056,MYS,m,35,travel-indonesia,,18/3/2020,26/3/2020,kuala-lumpur,kuala-lumpur
25,2032,MYS,m,83,,y,25/3/2020,26/3/2020,raja-permaisuri-bainun,perak
26,1321,MYS,m,53,close-contact,,22/3/2020,27/3/2020,sungai-buloh,selangor
27,2162,MYS,m,61,,y,24/3/2020,28/3/2020,sultanah-aminah,johor
28,2321,MYS,f,91,,y,26/3/2020,28/3/2020,university-of-malaya,kuala-lumpur
29,2123,MYS,f,64,,y,25/3/2020,28/3/2020,tuanku-jaafar,negeri-sembilan
30,2322,MYS,m,76,,y,,28/3/2020,university-of-malaya,kuala-lumpur
31,2323,MYS,m,27,,y,27/3/2020,28/3/2020,raja-permaisuri-bainun,perak
32,1239,MYS,m,50,tabligh,y,22/3/2020,28/3/2020,kluang,johor
33,1249,MYS,m,37,travel-india,,21/3/2020,28/3/2020,permai,johor
34,787,MYS,m,77,,y,18/3/2020,29/3/2020,kuala-lumpur,kuala-lumpur
35,1952,MYS,f,57,travel-indonesia,y,,29/3/2020,sungai-buloh,selangor
36,1941,MYS,m,47,,,23/3/2020,30/3/2020,general,sarawak
37,2471,MYS,f,46,,y,,30/3/2020,miri,sarawak
38,2269,MYS,f,48,close-contact,y,25/3/2020,30/3/2020,tuanku-jaafar,negeri-sembilan
39,2626,MYS,m,69,travel-saudi-arabia,y,,27/3/2020,-,kuala-lumpur
40,2627,MYS,m,69,,y,,26/3/2020,kluang,johor
41,1275,IND,m,40,,,20/3/2020,31/3/2020,general,sarawak
42,2628,MYS,m,81,,y,27/3/2020,31/3/2020,university-of-malaya,kuala-lumpur
43,2629,MYS,m,73,,y,29/3/2020,30/3/2020,tengku-ampuan-rahimah,selangor
44,193,MYS,f,80,close-contact,y,13/3/2020,31/3/2020,kuala-lumpur,kuala-lumpur
45,1053,MYS,m,62,close-contact,y,17/3/2020,31/3/2020,kuala-lumpur,kuala-lumpur
46,2909,MYS,m,37,,y,28/3/2020,31/3/2020,sultanah-aminah,johor
47,2910,MYS,m,78,,y,17/3/2020,29/3/2020,sultanah-fatimah,johor
48,2572,MYS,m,85,,y,29/3/2020,2/4/2020,kluang,johor
49,1273,MYS,m,61,close-contact,,20/3/2020,1/4/2020,general,sarawak
50,1767,MYS,m,69,,,22/3/2020,2/4/2020,tuanku-jaafar,negeri-sembilan
51,2561,MYS,f,84,,y,12/3/2020,2/4/2020,national-heart-institute,kuala-lumpur
52,2122,MYS,m,52,,,18/3/2020,3/4/2020,tuanku-jaafar,negeri-sembilan
53,2034,MYS,f,73,,y,24/3/2020,3/4/2020,raja-permaisuri-bainun,perak
54,2149,MYS,f,85,,y,23/3/2020,28/3/2020,national-heart-institute,kuala-lumpur
55,860,MYS,f,66,,y,18/3/2020,3/4/2020,sultan-ismail-petra,kelantan
56,2850,MYS,m,56,,y,30/3/2020,3/4/2020,general,sarawak
57,1575,MYS,m,61,,y,23/3/2020,3/4/2020,tengku-ampuan-afzan,pahang
58,2210,MYS,m,72,close-contact,y,27/3/2020,4/4/2020,general,sarawak
59,3484,MYS,m,68,,y,27/3/2020,4/4/2020,kuala-lumpur,kuala-lumpur
60,3073,MYS,m,53,,,31/3/2020,5/4/2020,general,sarawak
61,2200,MYS,m,66,,y,26/3/2020,4/4/2020,keningau,sabah
62,3663,MYS,m,67,close-contact-tabligh,y,29/3/2020,5/4/2020,sultanah-nur-zahirah,terrenganu
63,3794,MYS,m,71,gathering-indonesia,,5/4/2020,6/4/2020,kluang,johor
64,2903,MYS,f,58,,y,30/3/2020,7/4/2020,tuanku-jaafar,negeri-sembilan
65,1906,PAK,m,69,tabligh,y,22/3/2020,8/4/2020,kuala-lumpur,kuala-lumpur
66,2798,MYS,m,59,tabligh,y,31/3/2020,9/4/2020,melaka,melaka
67,2864,MYS,f,23,close-contact,y,30/3/2020,9/4/2020,general,sarawak
68,694,MYS,m,62,close-contact-tabligh,y,17/3/2020,10/4/2020,queen-elizabeth,sabah
69,4229,MYS,m,77,,y,27/3/2020,10/4/2020,kuala-lumpur,kuala-lumpur
70,4230,MYS,f,88,close-contact,y,20/3/2020,10/4/2020,university-of-malaya,kuala-lumpur
71,3091,MYS,m,66,close-contact-tabligh,y,1/4/2020,11/4/2020,tuanku-jaafar,negeri-sembilan
72,537,MYS,m,71,,y,15/3/2020,11/4/2020,sungai-buloh,selangor
73,2399,MYS,m,63,,y,25/3/2020,11/4/2020,raja-permaisuri-bainun,perak
